area_m2,bairro_valorizacao,idade_imovel,vagas_estacionamento,distancia_centro_km,fluxo_pessoas_dia,taxa_vacancia_regiao,tipo_imovel,padrao_construtivo,mes_cadastro,preco
118.02,baixo,7,3,16.1,260,15.78,loja,medio,11,2204.15
48.58,baixo,14,2,10.19,267,24.12,sala_comercial,baixo,1,850
59.2,alto,10,0,3.84,1800,6.29,escritorio,baixo,6,7952.65
615.7,baixo,13,?,11.41,585,19.44,galpao,medio,6,26588.6
152.08,medio,42,0,10.73,?,3.59,loja,baixo,3,6693.03
18,alto,8,0,1.91,1267,4.83,sala_comercial,medio,5,6526.62
178.36,alto,6,0,6.69,?,2.77,loja,medio,5,13938.9
68.03,medio,9,0,9.85,559,15.84,sala_comercial,medio,5,850
170.97,medio,5,0,8.19,1073,17.61,loja,alto,5,11100.03
?,medio,1,0,5.38,1036,14.0,escritorio,baixo,4,5182.54
36.64,baixo,10,1,14.51,295,18.75,escritorio,medio,12,850
710.51,medio,11,3,12.55,1973,9.0,galpao,baixo,4,91788.76
18,baixo,7,0,12.22,401,13.6,loja,medio,3,850
108.13,medio,5,1,?,896,10.3,loja,baixo,?,4616.75
28.95,baixo,15,1,9.33,734,9.62,sala_comercial,medio,3,1003.08
56.43,baixo,24,0,17.35,45,22.37,sala_comercial,medio,12,850
72.82,medio,5,0,10.7,920,11.92,sala_comercial,baixo,1,3322.54
85.09,baixo,19,0,21.67,45,24.44,loja,medio,?,850
121.46,medio,40,2,10.78,1089,12.01,loja,baixo,1,7399.96
36.06,baixo,38,0,17.66,45,14.6,loja,alto,5,850
31.78,alto,4,0,8.09,1532,8.38,sala_comercial,alto,10,6604.68
65.23,medio,13,0,7.53,1027,15.01,sala_comercial,medio,4,3826.68
149.85,baixo,11,1,17.23,201,15.56,escritorio,baixo,10,850
79.54,baixo,22,1,14.74,430,22.1,sala_comercial,medio,7,850
188.52,alto,?,3,4.27,1829,7.02,loja,medio,11,22623.19
187.75,baixo,7,1,15.98,434,13.73,?,baixo,10,4497.57
197.35,medio,23,3,9.53,1025,8.02,loja,medio,12,10352.84
97.13,alto,19,0,3.07,1606,8.05,escritorio,medio,1,10931.97
157.38,medio,8,0,9.35,1353,14.25,loja,medio,11,9162.79
65.56,medio,3,0,6.74,1013,11.1,loja,baixo,5,5522.05
89.08,baixo,8,0,4.81,783,12.95,sala_comercial,medio,8,4141.1
58.03,medio,17,0,5.09,?,?,sala_comercial,medio,1,3973.15
191.69,baixo,10,3,18.85,273,4.93,loja,medio,?,7091.54
76.73,medio,11,0,7.8,797,7.07,loja,?,2,5696.34
60.85,alto,13,?,2.02,1366,6.1,sala_comercial,alto,2,6919.6
727.38,medio,6,1,10.01,1669,7.13,galpao,alto,7,51244.48
846.09,alto,18,1,3.82,1783,5.0,galpao,alto,7,72043.55
84.57,baixo,17,1,19.41,45,?,sala_comercial,medio,6,850
133.71,alto,5,0,3.55,1986,4.83,loja,medio,12,17506.04
94.25,medio,19,2,10.18,1052,5.49,loja,medio,7,8187.69
71.08,alto,13,1,4.42,1020,5.15,sala_comercial,medio,6,6604.81
40.47,baixo,5,1,18.06,170,16.29,?,alto,8,850
49.54,alto,12,0,5.32,1204,8.98,sala_comercial,medio,7,4651.6
105.55,alto,13,0,5.04,1512,4.43,escritorio,medio,?,11858.35
67.86,baixo,2,0,6.94,722,16.7,sala_comercial,medio,3,2879.66
86.86,medio,14,0,8.57,945,10.31,sala_comercial,medio,5,5697.64
18,medio,3,?,6.61,823,7.32,sala_comercial,baixo,5,850
38.95,?,10,1,8.08,1193,5.88,sala_comercial,medio,5,2290.78
149.79,baixo,15,2,22.06,?,18.01,escritorio,baixo,3,850
62.61,medio,10,0,5.87,903,10.54,loja,medio,10,2683.78
843.16,baixo,13,7,12.65,1055,20.35,galpao,?,?,45316.88
?,?,14,8,6.69,1556,10.19,galpao,baixo,4,41466.26
31.22,alto,6,0,?,975,7.45,sala_comercial,alto,8,3458.02
94.55,medio,3,3,?,745,8.18,loja,baixo,12,5084.95
40.74,medio,1,0,6.58,942,9.59,escritorio,baixo,9,2965.79
62.18,medio,2,0,6.09,442,5.34,sala_comercial,medio,10,2418.28
766.24,medio,30,?,6.34,1373,13.54,galpao,baixo,?,38013.0
21.35,alto,21,0,2.93,3291,3.1,escritorio,baixo,2,9209.99
147.23,alto,0,3,3.56,?,9.21,escritorio,medio,9,14558.24
62.86,baixo,19,0,3.67,588,21.17,sala_comercial,baixo,9,1276.75
67.12,medio,10,5,10.75,571,13.57,loja,medio,5,4330.25
229.13,baixo,24,0,20.92,330,17.03,galpao,medio,9,2321.42
?,medio,14,0,5.45,1155,8.33,loja,baixo,7,5710.89
273.11,baixo,6,2,11.68,902,16.5,loja,alto,11,15286.59
18,baixo,13,0,24.16,45,12.0,?,medio,7,850
128.97,alto,7,?,?,?,7.08,escritorio,medio,7,12972.12
95.88,medio,4,0,12.51,322,10.2,sala_comercial,medio,4,1792.8
91.92,medio,4,0,9.42,796,10.57,loja,alto,9,5685.1
31.09,medio,3,1,9.2,737,11.23,loja,medio,8,1974.11
18,medio,3,1,11.62,636,10.77,loja,medio,4,850
83.24,medio,21,1,?,867,11.94,sala_comercial,baixo,9,3296.75
52.39,baixo,2,1,13.26,45,21.83,escritorio,baixo,6,850
38.17,?,13,0,11.51,568,7.26,escritorio,medio,8,850
218.84,medio,34,2,9.63,1378,16.66,loja,alto,8,13255.01
761.06,alto,17,8,4.32,2639,7.69,galpao,baixo,3,59795.06
217.87,medio,29,2,14.89,751,16.02,galpao,medio,12,8649.26
78.09,medio,3,2,11.4,707,11.89,escritorio,alto,5,5477.38
43.83,medio,8,3,6.1,849,9.38,escritorio,medio,6,5513.87
115.27,baixo,5,2,7.89,?,19.89,escritorio,baixo,7,987.81
95.75,alto,21,1,7.86,1727,2.23,sala_comercial,alto,8,9079.25
628.62,baixo,7,2,17.28,1014,12.46,galpao,medio,4,25771.07
59.98,baixo,?,1,15.74,185,25.71,sala_comercial,medio,1,850
82.23,baixo,?,1,15.14,231,13.37,?,alto,11,982.89
58.8,medio,8,0,5.92,1048,?,escritorio,medio,12,3442.91
161.44,medio,11,2,?,778,12.28,?,medio,6,8674.33
176.86,medio,10,0,5.11,1174,12.66,loja,baixo,3,10295.27
142.09,medio,1,1,7.6,749,13.12,loja,baixo,6,5908.56
84.96,medio,7,2,12.51,851,12.96,escritorio,baixo,12,2586.72
70.11,medio,17,0,12.07,409,13.51,sala_comercial,medio,5,850
274.3,medio,6,0,8.37,1047,10.52,galpao,alto,11,16807.79
206.97,medio,?,1,13.24,1083,11.62,loja,medio,12,10163.93
37.05,medio,6,0,11.61,962,20.0,sala_comercial,baixo,10,850
142.86,baixo,31,?,14.07,453,20.65,escritorio,alto,5,850
581.97,baixo,9,4,13.33,581,23.73,galpao,alto,9,26031.71
?,medio,26,8,7.78,1504,11.68,galpao,medio,11,28773.16
120.85,medio,3,1,6.52,860,9.8,escritorio,medio,4,6696.38
1010.4,baixo,24,10,2.67,1932,16.38,galpao,medio,4,49273.86
110.5,?,33,0,10.61,957,10.72,sala_comercial,alto,3,2977.72
173.0,medio,10,0,7.87,976,12.97,loja,medio,11,10139.05
62.78,?,8,1,6.41,745,10.54,sala_comercial,alto,7,4282.08
60.48,baixo,7,0,16.21,460,17.06,sala_comercial,baixo,5,850
35.12,baixo,14,2,14.37,364,15.54,sala_comercial,medio,7,850
79.61,alto,10,0,6.39,1437,4.94,escritorio,medio,8,7851.0
126.04,medio,18,0,8.86,872,8.34,escritorio,alto,3,7390.74
32.75,baixo,15,1,10.27,336,21.56,sala_comercial,medio,4,850
213.22,alto,7,2,5.7,1074,8.31,?,medio,5,19568.86
170.0,alto,23,2,6.05,1185,7.17,escritorio,medio,1,13277.89
18.46,medio,16,0,10.63,857,11.2,loja,baixo,11,916.45
122.63,baixo,13,1,9.51,590,23.23,loja,alto,5,4669.98
193.27,baixo,1,1,22.76,778,18.02,loja,alto,3,6745.55
824.47,medio,10,1,6.44,2274,9.85,galpao,medio,11,44151.1
76.03,medio,36,1,10.46,907,8.54,sala_comercial,medio,6,1645.08
57.56,baixo,5,3,14.63,621,15.69,sala_comercial,alto,3,1474.33
155.05,baixo,20,1,11.36,494,17.88,?,medio,6,2351.88
18,baixo,15,0,20.62,216,19.25,loja,medio,10,850
157.66,alto,3,4,4.4,?,6.73,?,alto,10,27591.24
182.72,medio,16,4,11.34,1192,9.5,loja,medio,4,10465.44
88.32,alto,33,3,0.4,?,6.29,loja,alto,6,12311.1
63.56,alto,10,2,1.92,1918,6.1,sala_comercial,medio,2,10346.55
1024.62,medio,5,8,7.58,2232,13.63,galpao,baixo,8,53895.51
437.38,alto,?,8,4.02,1530,5.9,galpao,alto,3,38901.23
90.99,alto,10,4,2.77,1038,1.5,loja,baixo,1,11183.52
738.35,medio,18,2,?,1773,10.89,galpao,medio,11,39358.3
598.41,baixo,15,5,17.78,616,?,galpao,medio,6,25399.07
112.38,baixo,?,?,12.92,?,11.62,escritorio,baixo,10,850
65.77,medio,7,4,11.61,825,10.78,?,medio,1,4584.44
83.27,baixo,20,3,24.19,155,13.54,sala_comercial,baixo,4,850
171.52,alto,10,1,0.4,1494,3.23,escritorio,baixo,4,15403.43
44.77,baixo,11,0,11.27,160,14.14,sala_comercial,medio,10,850
173.92,baixo,?,2,21.54,?,24.39,loja,baixo,7,1125.15
142.83,medio,49,0,5.02,1297,17.92,galpao,medio,1,5989.88
141.83,medio,21,2,5.83,1311,11.79,escritorio,medio,1,8357.94
59.11,baixo,3,0,8.21,310,16.41,sala_comercial,baixo,6,850
76.19,baixo,23,0,14.79,299,17.44,sala_comercial,baixo,11,850
89.5,baixo,10,3,10.82,283,21.99,escritorio,alto,1,2071.28
937.15,alto,7,13,2.75,2321,7.62,galpao,baixo,12,65821.24
132.49,medio,12,2,7.66,901,8.54,loja,medio,2,7658.42
130.51,medio,31,2,9.66,985,8.86,loja,medio,3,7982.92
145.12,medio,36,0,9.32,1181,8.78,galpao,alto,1,7712.69
269.71,medio,11,2,8.72,1057,16.49,galpao,medio,6,14832.53
531.63,medio,19,9,7.13,1434,9.52,galpao,alto,9,38508.23
73.51,baixo,2,0,12.22,214,22.24,loja,alto,10,850
156.46,medio,11,2,10.3,1134,11.15,loja,medio,11,8011.25
18,medio,3,1,5.98,577,14.89,?,baixo,7,1134.89
174.67,baixo,44,3,18.44,620,18.2,loja,baixo,5,2915.67
347.5,medio,3,1,7.42,1118,4.38,galpao,baixo,12,20009.42
62.94,medio,3,0,5.36,1014,9.67,sala_comercial,medio,8,3919.35
105.81,medio,3,0,8.37,805,9.34,escritorio,medio,9,5097.93
85.51,alto,6,2,3.01,?,6.41,sala_comercial,alto,6,10017.02
221.09,alto,10,0,6.68,1442,7.04,loja,baixo,8,14399.42
18,medio,7,0,7.29,390,12.54,sala_comercial,alto,9,850
77.77,medio,?,0,8.46,1335,9.96,escritorio,medio,8,7844.48
41.27,alto,18,?,?,974,2.91,escritorio,medio,?,5232.4
90.91,medio,8,2,7.45,792,6.04,escritorio,alto,1,8264.61
108.79,medio,6,1,8.19,900,12.16,escritorio,baixo,8,5965.27
77.72,medio,34,3,10.83,574,7.88,escritorio,baixo,10,1622.65
119.06,baixo,24,0,16.27,363,18.03,escritorio,alto,3,850
687.08,medio,27,3,7.13,1732,8.76,galpao,alto,6,45559.93
56.13,medio,?,2,6.56,939,13.76,sala_comercial,medio,10,850
24.12,alto,14,0,1.9,4088,2.52,sala_comercial,baixo,1,22169.36
684.45,baixo,10,8,?,1315,20.87,galpao,baixo,?,28422.07
?,?,?,1,7.48,877,15.4,loja,baixo,2,5794.13
18,medio,13,0,4.63,561,4.46,loja,alto,7,850
744.44,medio,15,6,6.69,1497,9.97,galpao,medio,?,44095.44
135.81,baixo,17,0,10.2,457,?,escritorio,medio,3,3178.4
46.94,baixo,5,2,18.55,154,26.21,sala_comercial,medio,8,850
326.34,baixo,17,2,11.82,790,24.99,galpao,medio,8,10575.23
47.99,baixo,19,0,19.39,161,17.29,sala_comercial,medio,1,850
413.96,medio,11,8,11.06,1547,?,galpao,medio,7,27252.76
610.92,baixo,0,5,16.68,1006,19.94,galpao,medio,10,25915.09
2130.38,baixo,69,0,19.95,45,25.93,escritorio,medio,11,6402.82
85.48,alto,6,1,2.06,1356,4.51,?,alto,6,13123.58
56.69,alto,20,?,6.61,1579,5.42,escritorio,alto,2,9138.58
107.11,medio,18,0,12.06,1010,9.42,loja,baixo,1,3840.4
44.75,medio,1,0,7.58,790,8.01,escritorio,baixo,7,3237.83
50.63,alto,22,2,2.65,1418,7.58,sala_comercial,medio,5,6749.86
537.59,baixo,22,4,10.14,936,18.48,galpao,baixo,7,18605.59
119.04,medio,3,0,5.59,?,13.85,loja,medio,1,6503.34
101.04,?,23,0,10.67,621,14.99,loja,baixo,7,850
?,medio,5,3,13.36,822,9.53,loja,medio,5,7371.04
65.29,baixo,3,0,16.92,451,13.55,escritorio,alto,6,850
445.31,?,28,0,16.01,687,15.6,galpao,medio,10,12415.93
52.19,medio,?,0,4.64,1116,14.94,sala_comercial,medio,10,5862.6
117.75,baixo,1,1,15.92,431,15.5,escritorio,medio,8,1727.02
27.02,alto,5,0,?,3813,17.81,sala_comercial,medio,1,13416.88
?,?,5,?,11.26,987,11.95,loja,medio,11,5790.22
622.95,baixo,12,4,11.73,1544,16.18,galpao,medio,9,29418.46
864.76,alto,29,1,?,5124,6.94,?,medio,12,193608.4
622.76,medio,8,2,10.17,1483,10.87,galpao,medio,10,34822.98
59.94,?,25,?,13.81,701,12.93,sala_comercial,medio,6,850
69.03,alto,5,?,4.69,1191,6.46,sala_comercial,baixo,3,6607.71
18,alto,31,0,0.4,1430,1.5,escritorio,alto,11,4364.71
57.55,alto,23,0,6.08,1452,5.41,sala_comercial,medio,10,4582.59
?,baixo,9,0,4.26,803,16.97,loja,medio,8,6302.0
118.57,alto,4,?,3.06,1453,2.45,escritorio,medio,3,16116.59
116.14,alto,10,2,3.43,1829,7.49,loja,medio,12,15893.38
92.18,alto,10,0,4.28,1268,7.94,sala_comercial,alto,6,10790.59
113.67,alto,20,2,1.82,1635,5.49,loja,baixo,10,13387.48
152.96,baixo,21,3,11.77,734,13.34,escritorio,medio,12,4190.98
39.92,baixo,36,0,17.89,132,12.42,loja,medio,12,850
48.35,baixo,4,2,13.19,529,16.57,?,alto,8,1166.34
216.62,baixo,10,2,15.25,502,19.32,loja,medio,6,7127.71
763.08,?,31,8,?,2624,2.88,galpao,medio,11,60147.85
50.02,alto,0,3,3.9,1809,6.33,sala_comercial,baixo,1,9556.37
31.56,medio,5,2,8.33,822,11.32,sala_comercial,alto,7,4341.68
24.91,?,7,1,11.62,854,12.45,sala_comercial,?,6,850
59.71,medio,9,0,11.22,785,4.83,sala_comercial,baixo,2,3905.33
159.74,alto,12,1,6.65,1541,6.21,loja,baixo,2,15235.38
641.23,alto,12,6,2.23,?,?,galpao,alto,1,60313.95
41.84,medio,4,0,8.13,876,10.04,sala_comercial,medio,6,3089.33
813.08,baixo,48,6,15.34,1046,16.69,?,medio,2,30930.81
27.77,alto,10,1,2.33,4188,12.56,escritorio,baixo,7,23921.52
148.53,alto,4,1,3.72,1623,8.85,loja,baixo,3,12763.37
178.88,medio,20,1,10.63,1113,9.36,loja,medio,1,11735.78
56.26,medio,14,0,13.97,653,?,sala_comercial,baixo,3,850
?,alto,4,1,2.59,1043,2.7,sala_comercial,alto,6,4801.22
115.81,baixo,?,1,12.56,427,14.25,loja,medio,8,2954.98
26.04,medio,5,0,?,903,10.73,sala_comercial,medio,3,850
59.17,medio,15,0,6.37,812,11.58,sala_comercial,medio,7,2544.92
444.09,baixo,4,0,13.54,540,21.7,galpao,medio,7,15143.44
664.16,medio,5,8,7.24,1435,11.42,galpao,baixo,3,33201.0
213.78,baixo,9,2,17.41,143,13.64,?,baixo,7,2930.56
106.74,medio,8,2,8.3,1073,10.74,sala_comercial,alto,12,7570.42
89.44,medio,26,2,5.28,988,5.5,sala_comercial,alto,6,6973.25
203.07,baixo,17,4,14.77,365,12.18,loja,medio,4,5477.46
142.44,alto,22,1,6.28,1776,8.0,escritorio,baixo,3,11783.95
197.18,medio,6,3,11.73,783,14.14,loja,alto,12,13053.27
85.16,medio,2,1,9.91,1153,11.6,escritorio,alto,6,5632.0
18,alto,9,0,?,1374,6.05,sala_comercial,baixo,4,2857.51
69.67,medio,8,1,13.03,1210,10.13,sala_comercial,baixo,10,2464.52
58.46,medio,7,2,6.4,850,13.05,sala_comercial,medio,2,4308.37
54.52,baixo,22,0,17.93,372,12.66,sala_comercial,alto,9,850
99.99,baixo,17,3,8.93,579,14.24,escritorio,baixo,3,1268.03
79.12,alto,34,1,3.27,1008,5.77,sala_comercial,baixo,6,4458.01
557.06,baixo,16,8,13.43,1166,13.16,galpao,medio,7,26474.68
110.91,medio,13,?,5.78,929,11.1,escritorio,alto,2,8851.64
151.85,baixo,5,0,7.35,615,?,loja,medio,3,5695.25
478.23,baixo,12,1,12.48,1065,16.41,galpao,medio,1,21924.02
125.68,medio,9,?,9.59,912,13.04,escritorio,medio,3,6581.39
51.76,alto,12,0,2.2,824,5.59,sala_comercial,medio,?,6032.85
129.55,baixo,13,0,?,804,24.0,escritorio,medio,?,2127.36
82.06,baixo,11,1,9.9,733,12.64,escritorio,baixo,11,1940.57
195.19,medio,26,2,10.42,1385,7.13,loja,medio,5,11223.24
18,medio,16,?,7.2,322,5.66,escritorio,baixo,5,850
645.22,alto,6,7,1.25,2658,7.54,galpao,baixo,6,55566.31
34.99,baixo,13,3,19.31,361,20.27,escritorio,medio,3,850
130.64,alto,5,?,3.98,?,7.06,escritorio,baixo,11,12035.65
92.67,baixo,51,0,8.66,500,24.27,escritorio,baixo,9,850
122.75,medio,16,1,8.39,475,9.66,loja,baixo,?,3657.58
109.11,medio,?,2,11.51,495,13.11,sala_comercial,baixo,1,3158.8
176.13,baixo,29,2,18.52,123,16.82,loja,medio,5,1489.36
464.95,baixo,16,3,13.48,958,15.61,galpao,alto,3,23641.65
83.6,medio,11,0,13.25,566,7.5,escritorio,baixo,7,1511.87
98.84,?,6,4,4.86,1304,5.92,loja,baixo,1,10396.75
190.07,medio,12,1,5.92,1269,7.63,loja,baixo,1,11715.15
192.11,baixo,10,0,13.36,414,16.01,loja,medio,9,6026.59
733.34,medio,39,10,9.17,2328,6.52,galpao,medio,4,44360.62
?,alto,10,2,5.93,1379,5.96,loja,baixo,4,12782.57
18,medio,9,0,11.85,696,14.79,sala_comercial,alto,12,850
591.7,medio,7,6,10.38,1298,14.8,galpao,medio,2,32995.48
142.46,baixo,6,1,11.87,537,13.67,loja,medio,?,5412.53
157.23,baixo,10,3,10.9,602,24.37,loja,alto,11,8300.83
244.76,alto,19,2,3.59,1189,6.02,loja,medio,5,21421.84
113.96,?,7,2,11.86,450,18.42,loja,alto,?,4565.85
85.32,medio,2,0,7.57,958,8.47,loja,medio,?,4481.75
220.98,medio,10,2,5.46,1325,11.36,loja,alto,3,18349.91
89.7,medio,2,0,8.9,614,8.6,loja,medio,4,5425.42
963.55,medio,13,7,7.08,1743,15.36,galpao,medio,1,53706.72
151.72,medio,11,0,7.47,1052,10.12,escritorio,?,5,11110.67
35.48,alto,10,0,5.43,1422,5.75,escritorio,alto,7,7438.29
245.41,medio,14,6,11.88,777,11.0,galpao,baixo,12,11974.57
208.63,medio,9,0,6.98,864,10.28,?,medio,12,12578.38
89.58,medio,10,2,15.88,364,16.02,escritorio,alto,7,3108.4
194.89,baixo,15,2,18.79,288,15.15,loja,medio,7,3510.68
113.21,medio,15,0,7.36,1029,13.94,escritorio,alto,5,8364.08
83.59,alto,8,2,2.26,1324,4.95,escritorio,baixo,3,8025.23
172.88,baixo,9,2,18.11,944,18.23,loja,medio,10,13467.67
686.27,baixo,18,4,17.46,?,12.8,galpao,baixo,?,20921.44
35.9,medio,5,2,10.74,1127,10.87,sala_comercial,baixo,3,3876.4
77.75,baixo,19,1,11.99,168,14.95,escritorio,medio,2,850
140.7,medio,12,2,10.14,827,16.05,escritorio,alto,3,8798.67
?,baixo,10,1,19.66,295,21.73,escritorio,baixo,12,850
442.21,medio,9,8,8.65,1516,10.43,?,medio,9,27989.78
164.19,alto,3,0,2.03,1391,8.93,loja,alto,9,22014.98
536.85,?,9,7,6.8,1414,8.04,galpao,baixo,2,28531.67
65.97,medio,12,0,?,909,4.51,sala_comercial,baixo,8,3628.11
54.21,medio,20,0,10.27,646,7.71,sala_comercial,medio,7,850
97.0,baixo,2,0,20.85,351,12.72,escritorio,medio,8,850
89.38,medio,16,1,6.37,849,11.58,loja,alto,7,5532.5
149.98,medio,15,2,9.64,1007,8.09,loja,medio,4,11125.0
30.43,baixo,19,?,19.33,224,18.09,sala_comercial,baixo,3,850
838.87,alto,13,7,0.4,2997,4.28,galpao,alto,11,83584.03
21.13,medio,22,0,7.44,780,7.24,sala_comercial,baixo,5,850
83.19,medio,9,3,8.58,934,15.28,loja,alto,7,8388.02
54.75,baixo,33,0,11.91,344,13.16,loja,medio,3,850
175.3,baixo,5,0,12.09,669,15.44,loja,medio,7,5534.94
184.14,baixo,31,3,19.27,218,16.21,loja,baixo,8,1902.58
92.67,medio,3,2,11.07,874,12.49,sala_comercial,baixo,2,2165.97
208.9,baixo,28,2,?,443,16.51,loja,alto,?,6869.78
78.29,medio,27,3,14.67,1010,10.75,sala_comercial,medio,2,4104.16
613.47,alto,0,7,9.75,1883,6.04,galpao,medio,5,48325.12
197.86,medio,17,3,5.73,1203,?,escritorio,medio,9,11116.43
65.7,medio,17,1,9.92,707,10.54,sala_comercial,alto,1,2757.78
67.21,medio,2,0,3.19,1096,14.58,escritorio,baixo,8,4865.1
40.99,baixo,5,0,12.64,375,?,loja,medio,12,850
73.93,baixo,15,3,17.56,256,18.64,sala_comercial,medio,10,850
162.1,medio,6,2,5.03,1444,10.13,escritorio,alto,2,15848.07
176.46,medio,7,1,11.1,1038,7.46,loja,?,?,9883.85
104.9,alto,6,1,4.55,1452,3.55,loja,alto,5,12806.09
50.9,alto,7,1,1.89,1177,5.46,sala_comercial,?,7,6426.46
33.98,alto,4,1,3.31,1683,7.48,sala_comercial,baixo,1,6184.85
80.2,baixo,4,?,10.97,692,9.85,loja,medio,7,3235.09
95.45,baixo,12,0,12.04,190,?,loja,medio,10,850
860.91,medio,19,3,11.96,1383,8.87,galpao,alto,3,58091.79
90.0,medio,16,1,9.07,472,8.6,sala_comercial,alto,5,4066.91
48.17,medio,5,?,?,620,3.98,sala_comercial,medio,4,3763.21
3091.05,medio,39,2,11.11,1011,26.35,escritorio,baixo,9,6182.34
110.1,medio,?,0,7.35,1103,10.36,escritorio,baixo,8,4919.52
153.82,baixo,4,2,13.07,310,18.07,loja,alto,6,5254.79
38.16,baixo,?,0,18.61,355,21.75,sala_comercial,baixo,12,850
57.85,medio,46,1,9.76,763,7.04,sala_comercial,medio,12,850
67.16,alto,34,1,2.38,1763,5.78,loja,medio,8,9059.91
51.31,alto,15,0,2.99,1259,8.42,loja,baixo,?,7256.19
65.38,baixo,14,1,16.47,307,18.33,escritorio,medio,5,850
195.45,alto,14,0,8.99,1376,8.12,loja,baixo,8,12774.06
150.95,medio,10,0,6.63,1113,8.72,loja,medio,11,9151.92
109.93,alto,2,0,3.92,1019,5.74,loja,medio,7,11753.02
24.05,medio,28,0,2.58,888,12.49,?,medio,10,850
95.78,medio,?,0,5.73,?,10.45,?,medio,8,5130.53
126.13,alto,27,1,6.19,2115,6.82,loja,alto,1,16171.92
18,baixo,2,1,10.94,440,20.9,loja,medio,?,850
222.35,medio,39,1,11.61,1096,9.31,loja,alto,3,13067.1
49.93,baixo,6,0,9.41,279,20.19,sala_comercial,medio,4,850
106.91,baixo,7,0,20.24,407,14.65,escritorio,baixo,6,850
64.85,alto,18,0,3.87,1358,6.34,sala_comercial,baixo,9,5321.42
32.82,alto,15,0,2.94,1335,2.36,sala_comercial,medio,11,7461.5
130.43,?,33,4,2.53,1985,3.75,loja,medio,1,17020.44
18,medio,16,3,?,920,10.03,sala_comercial,medio,10,1791.13
621.69,medio,24,3,8.69,1864,10.76,?,medio,8,37061.71
74.36,medio,31,3,7.48,1068,4.24,escritorio,baixo,9,7502.82
40.03,baixo,22,0,9.67,319,12.6,sala_comercial,medio,5,850
44.03,medio,24,0,8.11,919,9.46,sala_comercial,baixo,3,850
18,baixo,15,0,15.08,288,16.51,sala_comercial,medio,10,850
60.21,medio,21,1,13.47,571,13.01,sala_comercial,baixo,3,1778.76
159.77,medio,12,2,8.6,1052,11.11,escritorio,medio,1,8519.22
57.9,?,14,0,11.13,?,15.29,sala_comercial,baixo,8,850
93.2,medio,24,1,7.93,928,4.08,?,alto,7,7380.29
688.2,medio,9,?,5.9,1772,4.93,galpao,alto,10,52059.15
135.46,baixo,3,0,19.85,?,16.01,loja,baixo,8,2024.27
82.23,alto,17,0,4.36,1618,4.84,sala_comercial,medio,4,7686.53
74.7,baixo,2,0,14.96,598,17.09,escritorio,medio,9,3640.48
200.6,medio,1,3,?,940,10.82,loja,medio,?,15456.54
70.51,medio,?,0,7.78,614,5.56,loja,medio,3,4480.82
247.1,baixo,14,5,16.69,?,13.55,galpao,baixo,11,5355.76
51.55,medio,10,0,8.15,818,9.14,?,alto,6,5079.0
529.49,medio,5,6,6.74,1554,10.07,galpao,medio,11,31833.92
84.07,alto,3,0,?,1238,3.97,escritorio,medio,?,8296.4
76.66,medio,22,?,8.1,809,5.33,?,medio,3,4152.44
?,alto,?,1,0.98,1456,6.87,sala_comercial,medio,11,4303.79
103.25,baixo,7,1,19.52,231,5.86,escritorio,medio,3,1549.01
150.81,baixo,10,0,17.95,128,15.0,escritorio,medio,8,850
49.34,medio,24,2,?,935,6.72,sala_comercial,medio,11,2382.26
111.84,medio,30,2,3.4,1429,6.79,escritorio,medio,1,8518.39
233.42,baixo,5,0,?,410,12.03,loja,baixo,2,4770.9
38.53,baixo,8,2,18.69,217,13.96,sala_comercial,baixo,9,850
106.31,medio,10,1,6.79,636,11.98,escritorio,medio,7,5689.08
101.45,alto,7,0,3.61,1673,5.61,loja,medio,7,12162.97
?,medio,16,?,9.28,679,11.47,escritorio,alto,1,850
46.08,baixo,13,0,3.3,930,15.93,escritorio,medio,5,2839.07
45.66,medio,49,0,9.79,759,12.54,sala_comercial,medio,10,850
260.83,baixo,13,5,22.58,330,17.7,loja,baixo,9,7647.68
174.97,medio,32,1,10.36,1200,8.72,loja,alto,1,10199.35
91.89,baixo,2,4,11.43,317,20.01,loja,medio,6,1898.27
60.74,alto,3,1,3.04,1619,9.43,sala_comercial,alto,7,11929.22
18,baixo,12,1,6.37,603,18.04,escritorio,baixo,12,850
709.96,baixo,9,6,10.6,1019,20.1,galpao,alto,7,42124.85
81.75,medio,20,0,10.75,951,8.38,loja,medio,8,4052.9
122.13,medio,4,0,13.87,567,12.47,loja,?,?,3925.38
115.24,baixo,10,0,3.46,700,12.86,sala_comercial,medio,1,4710.76
59.53,medio,4,0,9.34,1269,10.46,sala_comercial,?,8,3433.26
?,baixo,?,0,16.79,129,22.71,?,alto,5,850
87.18,medio,2,0,12.72,681,9.94,loja,medio,9,4823.69
37.92,alto,15,1,5.11,?,8.2,sala_comercial,medio,5,5570.89
137.09,medio,17,1,5.24,800,11.36,loja,baixo,9,7639.7
147.22,medio,8,0,8.64,1161,14.55,loja,medio,6,9718.73
508.41,baixo,44,0,19.17,643,15.47,galpao,baixo,5,9161.76
38.69,baixo,59,1,15.97,146,11.19,sala_comercial,alto,4,850
?,medio,16,0,9.47,1326,7.79,loja,baixo,7,8037.05
248.48,medio,19,2,15.05,587,13.22,galpao,baixo,3,8222.04
18,alto,22,1,2.59,1543,6.52,sala_comercial,medio,9,3660.2
134.6,medio,19,2,5.17,?,9.46,loja,medio,9,10663.97
35.65,baixo,3,0,12.42,60,16.14,sala_comercial,medio,12,850
35.12,baixo,10,1,12.96,167,?,sala_comercial,medio,6,850
24.47,medio,4,1,11.44,725,13.7,sala_comercial,?,7,850
121.01,medio,0,?,7.04,?,13.43,escritorio,baixo,2,7978.75
217.12,alto,7,5,1.31,2047,7.27,loja,alto,5,31076.67
104.08,medio,33,2,10.31,1206,11.77,sala_comercial,alto,9,6788.19
598.81,baixo,2,6,22.51,1059,15.91,galpao,baixo,1,24577.03
673.39,?,18,2,10.2,1793,15.16,galpao,medio,7,38307.08
49.58,baixo,13,1,12.0,310,18.14,sala_comercial,baixo,1,850
?,medio,?,3,11.06,819,15.92,loja,medio,1,9345.27
109.14,alto,24,0,5.0,1314,7.31,sala_comercial,baixo,11,8961.95
743.82,medio,7,4,3.94,1527,8.84,galpao,medio,9,39316.06
73.51,medio,26,?,10.1,743,8.39,sala_comercial,baixo,2,2635.55
367.62,baixo,29,0,22.46,818,11.17,?,baixo,10,8200.95
60.23,alto,8,1,2.84,1257,6.51,sala_comercial,baixo,6,4932.41
95.04,?,8,3,8.89,968,12.97,sala_comercial,?,9,5623.9
570.95,alto,26,3,4.77,?,3.2,galpao,baixo,3,39234.68
289.43,medio,7,0,4.61,1631,11.27,galpao,baixo,4,14699.3
221.92,alto,14,3,8.52,1423,4.06,loja,medio,8,20075.68
115.69,baixo,14,1,23.63,432,12.93,loja,alto,9,850
224.44,baixo,11,3,10.29,791,13.08,loja,medio,7,11998.92
2686.27,baixo,40,?,22.08,819,30.42,?,?,5,8527.68
118.59,medio,5,2,10.36,948,13.93,loja,medio,10,8509.9
84.94,alto,2,0,5.65,1332,5.25,sala_comercial,alto,8,10944.31
86.48,medio,17,0,12.16,?,9.85,sala_comercial,medio,?,2733.78
53.15,alto,11,?,5.14,1291,7.61,sala_comercial,medio,10,4806.53
31.88,?,38,1,6.26,703,17.1,sala_comercial,medio,11,850
139.93,medio,19,1,5.21,956,14.04,escritorio,alto,2,6249.14
75.75,medio,7,0,6.34,922,12.0,sala_comercial,alto,9,3812.94
?,medio,7,0,2.7,874,9.51,sala_comercial,alto,3,5703.56
112.91,medio,6,0,13.77,842,?,loja,medio,12,7448.78
96.81,baixo,20,0,15.76,45,15.78,escritorio,alto,2,850
59.46,medio,19,0,7.88,?,11.9,escritorio,medio,3,2478.34
75.84,alto,2,0,0.54,1898,6.41,escritorio,baixo,12,11002.58
118.83,baixo,37,0,19.41,588,?,escritorio,alto,2,850
241.57,baixo,0,0,12.44,904,9.67,galpao,baixo,10,8626.61
155.46,baixo,19,0,17.15,420,15.19,loja,medio,5,2999.35
326.43,baixo,2,7,10.31,479,14.95,galpao,medio,?,14645.05
60.63,baixo,24,0,8.7,539,18.08,loja,baixo,10,850
133.12,medio,9,3,11.29,820,11.99,escritorio,baixo,11,4539.94
55.0,medio,9,0,4.17,920,9.64,sala_comercial,medio,3,4544.45
111.48,baixo,40,1,8.09,322,17.75,loja,alto,8,850
499.11,medio,29,0,11.59,1724,10.46,galpao,medio,10,25001.53
76.11,baixo,5,0,9.83,753,13.66,sala_comercial,baixo,6,2295.42
254.97,baixo,?,6,20.22,737,24.03,loja,medio,1,11636.28
48.78,baixo,15,0,13.86,609,9.42,sala_comercial,medio,5,850
85.28,baixo,20,0,16.37,209,14.11,loja,medio,8,850
113.19,baixo,34,0,20.45,341,11.75,escritorio,medio,7,850
54.83,alto,8,0,6.72,918,8.44,escritorio,alto,5,5596.96
127.24,baixo,27,0,16.91,451,13.21,loja,baixo,6,1476.22
117.96,medio,?,1,9.43,811,15.34,escritorio,medio,1,4105.31
314.89,alto,26,5,2.14,2066,2.09,galpao,medio,5,30540.34
120.54,baixo,5,0,9.62,643,8.9,escritorio,alto,12,5217.67
87.67,medio,17,2,9.53,1065,12.73,escritorio,baixo,12,3665.17
171.63,alto,12,2,1.75,1862,?,loja,?,4,15490.66
18,?,4,0,15.35,201,15.55,sala_comercial,alto,2,850
77.88,medio,17,0,7.53,?,4.59,sala_comercial,medio,12,4479.49
139.91,medio,4,0,12.08,563,11.65,loja,medio,8,5355.06
133.05,baixo,18,?,6.64,630,10.5,loja,baixo,6,4854.28
183.73,medio,11,0,6.7,1062,11.05,loja,medio,11,12318.96
62.59,alto,22,1,2.89,1767,8.43,loja,medio,11,8787.03
64.07,baixo,1,?,15.55,63,22.57,sala_comercial,medio,1,850
?,medio,12,1,9.7,1023,9.76,escritorio,baixo,1,6839.19
72.93,baixo,6,0,14.15,485,13.38,escritorio,baixo,2,850
71.37,baixo,5,0,12.35,551,20.71,sala_comercial,medio,8,850
102.46,medio,32,0,11.27,529,8.41,escritorio,baixo,6,1662.86
70.96,baixo,19,0,?,126,18.5,sala_comercial,medio,?,850
92.19,medio,12,0,10.32,901,13.04,escritorio,alto,12,2903.68
47.52,medio,19,0,9.26,831,10.61,sala_comercial,medio,7,850
117.99,alto,18,3,5.37,1368,7.9,escritorio,alto,11,15007.58
?,medio,22,1,8.44,782,6.63,sala_comercial,baixo,6,2970.45
53.88,baixo,49,0,9.41,458,22.13,sala_comercial,medio,2,850
2396.06,medio,64,7,9.56,1576,26.26,galpao,alto,?,16326.22
574.53,baixo,2,1,23.35,802,17.0,galpao,alto,1,21913.75
66.97,baixo,10,1,14.07,265,20.48,sala_comercial,medio,9,850
267.3,medio,6,5,10.84,1068,10.28,loja,baixo,2,14783.63
37.19,medio,2,3,13.07,968,8.75,?,medio,7,4024.97
133.54,baixo,?,2,10.13,548,19.76,loja,baixo,3,3274.15
?,?,13,0,7.65,1147,6.76,escritorio,baixo,7,3753.67
52.23,baixo,8,0,23.37,256,15.65,loja,medio,2,850
?,baixo,5,0,10.96,317,19.83,sala_comercial,baixo,10,850
101.39,baixo,7,2,9.68,367,13.22,escritorio,medio,2,2009.35
116.76,baixo,1,0,17.35,518,21.79,escritorio,baixo,?,2330.66
857.68,alto,4,2,6.72,1708,7.5,galpao,alto,2,78017.26
98.47,medio,3,0,9.43,1116,5.94,escritorio,?,2,6706.92
67.45,baixo,23,0,6.51,690,14.7,sala_comercial,baixo,11,850
18,alto,20,0,2.75,952,4.03,sala_comercial,medio,12,887.77
54.62,baixo,12,0,10.35,?,18.05,sala_comercial,baixo,10,850
84.5,medio,19,2,5.85,1382,12.81,escritorio,medio,12,4990.9
114.61,alto,12,1,5.93,1362,6.27,escritorio,baixo,7,10370.14
76.54,alto,12,2,3.35,1121,5.39,sala_comercial,alto,8,8465.96
2217.1,medio,50,0,8.9,902,?,?,baixo,4,6042.45
750.96,medio,20,6,1.96,2387,9.55,galpao,medio,8,49603.45
583.41,alto,?,5,2.27,2664,6.97,galpao,medio,5,47677.45
72.18,baixo,10,0,12.75,726,17.04,sala_comercial,alto,1,1587.04
?,medio,9,4,9.7,1871,12.06,galpao,medio,?,37018.7
413.55,medio,5,1,8.06,1786,11.82,?,baixo,1,20069.06
187.4,medio,8,0,9.79,422,10.94,loja,medio,12,7294.61
25.23,alto,12,0,0.59,4165,14.42,escritorio,baixo,10,19328.0
527.91,medio,12,4,5.5,1069,8.01,galpao,medio,9,28931.58
172.14,medio,1,2,8.31,879,12.5,loja,medio,6,9478.82
820.42,baixo,17,6,12.69,1053,19.52,galpao,medio,?,35785.51
87.52,alto,16,0,3.42,1585,7.75,loja,medio,6,9308.66
179.78,?,13,1,12.58,715,19.36,loja,medio,9,4788.78
128.99,?,7,1,10.23,1023,24.19,?,alto,3,6368.51
198.34,medio,?,?,6.84,1025,?,loja,baixo,9,11613.21
131.15,baixo,18,2,12.16,432,19.66,loja,medio,7,2148.02
128.2,medio,17,1,3.24,671,9.2,escritorio,medio,11,6385.31
97.87,baixo,4,1,7.85,831,19.03,sala_comercial,medio,1,4215.3
?,medio,21,0,4.06,1309,7.95,?,baixo,1,7083.88
53.55,baixo,?,0,13.88,526,14.7,sala_comercial,baixo,8,850
67.39,?,14,0,15.04,321,17.25,loja,?,2,850
116.0,baixo,12,0,14.74,216,17.93,escritorio,baixo,3,850
80.87,medio,17,2,9.04,1244,9.84,sala_comercial,alto,7,5925.44
220.76,baixo,26,0,6.33,767,?,loja,medio,10,8420.16
82.8,baixo,24,0,22.51,65,19.55,escritorio,?,12,850
76.37,medio,43,0,15.07,737,?,sala_comercial,?,6,850
573.46,medio,6,9,6.64,1668,14.33,galpao,medio,4,39480.75
267.03,alto,?,4,3.53,2208,4.07,loja,medio,2,29488.36
651.63,medio,29,3,10.55,1044,7.69,galpao,?,5,33235.37
153.91,medio,13,1,9.58,?,11.65,escritorio,baixo,9,4406.33
53.11,baixo,24,0,19.9,58,20.65,sala_comercial,?,4,850
174.31,medio,13,3,9.73,940,8.16,loja,medio,8,11677.29
132.22,medio,?,3,5.96,1270,8.31,loja,baixo,9,9125.79
115.57,?,24,?,6.18,1166,10.62,escritorio,medio,1,6870.7
52.44,medio,?,1,5.54,665,6.74,sala_comercial,alto,11,3888.6
30.67,baixo,20,0,12.84,682,17.57,sala_comercial,baixo,10,850
77.12,baixo,9,0,16.28,206,20.29,sala_comercial,alto,2,850
184.55,medio,13,2,5.12,1158,7.9,escritorio,medio,2,10795.16
95.83,medio,5,0,7.58,859,8.03,loja,baixo,2,6864.56
92.64,medio,1,2,6.92,931,9.67,galpao,medio,11,7246.16
2381.52,baixo,46,2,18.7,45,?,loja,baixo,5,7801.92
223.32,medio,7,2,8.8,702,13.12,loja,medio,7,11749.3
79.34,alto,27,0,2.32,1807,4.32,sala_comercial,alto,1,13299.84
?,alto,9,3,3.43,1348,7.26,loja,baixo,5,15892.58
496.31,alto,12,3,4.45,1529,6.27,galpao,baixo,12,37308.78
376.38,medio,25,0,10.36,1340,10.92,galpao,medio,9,19327.25
147.53,alto,7,1,3.42,2786,5.38,escritorio,medio,12,53525.23
37.15,alto,13,0,5.59,1641,8.38,sala_comercial,alto,11,5658.62
51.99,medio,13,0,9.53,568,13.02,sala_comercial,medio,12,1467.68
55.9,medio,46,2,10.37,761,10.84,loja,alto,10,3270.32
72.86,medio,6,1,8.27,1326,13.22,sala_comercial,?,11,6344.17
69.51,baixo,23,1,15.77,473,21.64,sala_comercial,baixo,4,850
52.87,medio,18,0,6.72,?,15.97,sala_comercial,medio,10,3445.96
68.79,baixo,7,3,15.37,675,7.79,?,medio,5,3711.1
120.87,baixo,10,1,14.57,301,11.27,escritorio,baixo,4,1059.28
110.91,alto,?,?,3.44,1534,4.67,escritorio,medio,8,13135.1
582.58,medio,4,2,5.57,1040,10.43,?,baixo,10,25008.93
92.27,baixo,9,0,14.4,110,18.89,escritorio,alto,6,850
46.57,medio,5,0,?,405,15.78,loja,alto,3,850
779.98,medio,2,?,11.53,1457,12.87,galpao,medio,5,41050.1
61.31,alto,12,0,1.46,1431,5.59,sala_comercial,baixo,9,6469.92
31.26,medio,10,0,9.82,905,10.81,sala_comercial,baixo,9,2036.17
140.35,medio,6,3,0.4,1092,11.44,loja,baixo,1,10471.71
294.21,medio,28,2,6.14,1511,9.67,galpao,medio,11,13906.6
63.52,baixo,25,0,14.85,307,12.38,sala_comercial,medio,6,850
451.44,alto,14,0,2.46,1965,6.61,galpao,medio,8,39637.32
76.75,medio,17,0,6.58,740,7.7,escritorio,alto,11,4165.01
67.21,medio,14,0,7.99,935,14.86,sala_comercial,alto,5,2134.46
914.25,baixo,5,6,14.69,1211,7.01,galpao,medio,8,41041.97
71.12,medio,23,0,8.04,1016,11.29,sala_comercial,baixo,1,3165.06
103.21,medio,16,0,11.3,903,8.55,loja,alto,12,7402.68
112.41,baixo,30,0,11.24,716,13.09,escritorio,medio,10,2167.47
18,alto,17,0,2.09,977,4.89,sala_comercial,medio,8,1656.27
1170.66,baixo,10,9,19.18,?,15.94,galpao,alto,6,68255.89
90.35,medio,3,0,3.55,962,10.67,loja,alto,12,7281.5
777.33,alto,19,4,0.87,2579,6.11,galpao,medio,7,56172.41
205.86,medio,4,1,7.56,964,?,loja,medio,1,12961.62
51.67,medio,5,0,13.56,378,7.45,sala_comercial,medio,5,1132.5
1062.07,baixo,13,7,13.27,1626,15.6,?,medio,9,45341.48
509.12,medio,16,?,?,1239,10.41,galpao,medio,4,27533.16
75.61,baixo,18,0,7.43,732,18.0,?,medio,11,850
37.24,medio,4,0,11.16,727,16.12,sala_comercial,medio,9,850
224.37,alto,8,3,5.81,1576,7.73,loja,baixo,9,17852.86
157.76,alto,14,3,3.87,1418,7.66,loja,baixo,12,16708.59
36.09,alto,13,4,3.98,1591,4.59,sala_comercial,alto,3,7816.44
147.96,medio,12,0,2.99,1436,4.59,loja,medio,9,12496.59
464.88,medio,12,2,10.54,1416,14.01,galpao,alto,11,30362.76
69.11,baixo,27,0,15.88,415,15.66,sala_comercial,baixo,8,850
18,alto,16,0,1.84,1528,9.01,sala_comercial,baixo,4,6621.74
65.68,alto,4,2,5.77,1654,5.17,sala_comercial,medio,5,10539.66
123.21,alto,45,?,3.24,1600,5.3,loja,medio,5,9663.41
60.56,?,22,0,0.4,1593,5.3,loja,?,3,7125.23
185.09,baixo,35,3,13.53,593,17.3,loja,medio,10,5578.22
857.93,?,?,6,13.76,895,16.74,galpao,alto,3,43265.03
852.55,?,29,8,16.75,896,18.72,galpao,medio,2,34241.99
128.59,medio,21,0,9.71,1100,13.77,escritorio,alto,9,6747.08
87.43,baixo,9,0,12.02,234,18.23,sala_comercial,baixo,6,850
?,alto,20,2,5.49,1186,9.11,loja,alto,1,12441.43
152.5,medio,2,3,?,?,12.31,loja,baixo,5,8295.73
71.66,baixo,14,0,10.54,628,12.1,sala_comercial,alto,6,907.71
165.17,baixo,10,2,?,198,20.46,loja,medio,4,2009.48
190.57,baixo,24,0,18.06,311,?,loja,alto,1,1381.01
48.41,medio,13,0,10.11,610,8.94,loja,medio,?,1263.88
198.43,medio,15,?,7.87,724,10.73,loja,medio,6,10240.85
20.8,baixo,31,1,14.42,419,23.45,sala_comercial,medio,8,850
99.65,baixo,4,3,10.74,580,10.96,sala_comercial,baixo,6,4221.74
49.16,alto,19,1,3.73,1371,4.02,loja,baixo,8,6346.78
83.31,medio,22,0,12.08,716,9.54,loja,medio,2,2336.48
182.38,baixo,17,2,?,1196,19.82,loja,baixo,2,10853.13
38.84,?,8,0,4.84,988,6.63,sala_comercial,medio,2,2833.32
66.38,medio,8,1,5.39,733,13.34,escritorio,medio,6,3878.09
167.78,medio,2,?,12.37,486,10.75,loja,medio,10,6602.56
645.91,medio,8,9,6.54,1472,10.51,galpao,baixo,12,35261.25
56.59,medio,14,0,6.12,772,9.21,sala_comercial,baixo,6,1522.53
170.71,baixo,12,1,19.18,182,20.36,loja,medio,11,2263.36
36.69,baixo,10,0,10.33,254,14.06,sala_comercial,medio,6,850
171.23,medio,?,1,5.5,708,7.35,loja,baixo,?,8276.7
730.99,medio,28,5,13.27,1063,10.06,galpao,baixo,2,33676.92
18,?,13,1,14.21,568,13.9,sala_comercial,baixo,5,850
66.86,medio,13,0,6.86,776,13.55,escritorio,alto,1,2523.61
65.75,baixo,18,1,25.74,234,14.17,sala_comercial,medio,1,850
83.34,medio,6,0,5.31,964,10.04,sala_comercial,medio,3,5364.15
18,?,?,0,3.65,394,16.51,loja,medio,6,850
105.8,medio,4,0,11.38,998,11.15,escritorio,baixo,11,3425.54
59.65,baixo,19,1,13.64,364,10.46,sala_comercial,baixo,?,850
26.04,medio,?,0,0.61,742,6.95,sala_comercial,baixo,11,2940.66
353.74,baixo,14,3,15.61,913,18.17,galpao,medio,3,14279.13
263.3,medio,6,4,10.99,1071,13.03,loja,?,4,13833.05
484.92,?,18,6,5.43,1725,6.88,galpao,baixo,6,34414.53
106.28,medio,9,1,4.82,1399,12.3,sala_comercial,baixo,8,7396.57
292.62,alto,15,6,3.96,3877,4.64,galpao,medio,11,95220.44
?,medio,20,1,3.82,723,?,sala_comercial,medio,4,2648.88
92.05,baixo,30,1,19.56,564,13.37,escritorio,alto,3,850
142.61,medio,10,4,7.95,623,14.89,loja,medio,1,7788.37
18,?,7,2,6.49,1272,5.14,escritorio,alto,4,4532.94
1044.16,medio,14,8,8.73,2144,5.33,galpao,alto,11,68448.29
?,medio,16,?,12.86,776,13.29,sala_comercial,medio,4,1004.18
162.32,medio,2,2,6.94,?,12.6,escritorio,alto,9,12254.63
83.09,alto,15,0,3.59,1292,?,sala_comercial,baixo,5,6904.45
50.0,medio,22,1,16.26,358,11.18,sala_comercial,baixo,9,850
470.97,?,25,5,7.5,1739,8.3,galpao,baixo,7,36082.99
25.66,alto,5,0,4.11,893,5.11,escritorio,baixo,9,4489.77
32.92,medio,17,0,11.54,788,9.65,sala_comercial,alto,11,850
57.33,alto,11,0,4.8,1143,7.77,sala_comercial,baixo,9,3705.58
87.98,alto,31,1,0.94,1818,8.33,escritorio,medio,12,11151.98
40.48,medio,22,0,7.28,1255,10.91,sala_comercial,baixo,11,3503.19
96.17,medio,7,1,13.81,616,11.72,escritorio,medio,10,3310.87
67.96,?,18,0,?,996,10.47,loja,medio,4,4702.6
100.6,alto,?,2,5.91,1400,1.5,escritorio,alto,1,14371.95
537.89,baixo,?,0,8.42,924,10.14,galpao,medio,6,20311.21
195.39,medio,9,1,10.02,1180,12.38,loja,alto,5,15856.11
124.56,baixo,31,1,15.27,842,17.51,escritorio,baixo,5,3000.77
687.99,baixo,8,8,14.6,1026,13.22,galpao,medio,12,30116.05
242.39,medio,8,3,12.51,979,10.56,loja,?,1,14976.95
1731.13,medio,47,0,9.22,698,29.08,sala_comercial,medio,11,16532.71
122.3,?,19,1,7.24,1200,5.84,?,?,11,6955.44
26.06,alto,11,2,2.94,2880,3.93,escritorio,baixo,9,22531.0
143.06,alto,22,1,6.56,1393,5.4,loja,baixo,6,11488.09
20.64,baixo,?,0,15.44,215,19.33,loja,medio,5,850
106.06,baixo,6,0,13.3,239,18.42,loja,baixo,11,850
48.67,alto,0,1,4.93,1781,9.03,sala_comercial,medio,1,7982.69
94.08,?,36,1,8.73,1097,10.5,escritorio,medio,1,2074.7
124.6,baixo,14,0,12.69,142,15.87,loja,baixo,5,850
?,medio,5,1,9.4,873,10.16,sala_comercial,medio,6,3980.68
137.0,baixo,10,1,13.6,616,8.9,loja,baixo,3,4746.83
169.49,medio,16,0,9.47,636,12.45,loja,baixo,12,5524.49
140.57,baixo,13,2,?,326,21.68,loja,medio,8,1329.14
?,?,5,6,5.56,3255,4.97,galpao,baixo,1,70136.51
170.03,alto,19,3,2.12,1745,7.74,loja,medio,9,16430.34
135.33,baixo,6,1,5.37,?,15.34,loja,medio,5,6606.74
622.99,baixo,9,10,15.49,1104,17.98,galpao,?,?,33710.75
35.55,medio,2,1,5.6,821,6.54,sala_comercial,medio,7,3844.03
65.77,alto,6,1,2.45,1435,8.2,escritorio,alto,4,11861.85
175.15,baixo,19,1,15.1,177,17.67,loja,baixo,6,1679.18
24.52,baixo,12,0,14.36,225,21.8,sala_comercial,alto,7,850
1169.14,medio,3,7,13.59,1229,12.59,galpao,medio,9,61586.57
50.28,medio,7,1,6.19,1087,?,sala_comercial,baixo,5,4950.99
191.79,medio,14,1,13.2,787,10.74,loja,alto,4,11107.27
695.83,medio,16,8,7.03,1660,11.81,galpao,baixo,4,36139.27
134.39,?,3,?,1.6,1677,2.32,escritorio,medio,3,14499.91
150.44,baixo,7,1,12.43,547,13.84,loja,medio,11,4574.38
60.11,medio,11,2,13.21,1005,10.95,escritorio,alto,12,3649.36
?,baixo,4,1,20.47,174,21.37,escritorio,?,8,2397.12
83.41,?,18,0,5.8,1321,2.89,loja,alto,9,9334.57
146.16,medio,19,0,12.91,828,11.41,loja,?,6,6999.89
120.29,medio,22,0,9.49,723,12.09,loja,baixo,3,3538.83
81.87,medio,15,0,7.56,651,17.32,escritorio,medio,11,1780.77
67.84,medio,?,1,7.47,620,8.62,escritorio,medio,4,3049.38
131.52,alto,29,1,2.34,1332,4.16,loja,alto,7,14105.69
117.83,medio,6,2,11.32,709,?,escritorio,baixo,1,3456.19
105.03,?,15,0,8.74,1002,12.76,escritorio,medio,2,5843.04
46.27,alto,7,0,?,1884,8.12,sala_comercial,medio,5,6731.76
135.91,baixo,6,0,15.87,613,11.05,loja,baixo,?,3850.88
74.55,medio,18,1,13.87,712,10.46,escritorio,baixo,9,1737.19
159.92,medio,27,2,3.7,1003,10.98,loja,medio,11,9839.9
49.75,baixo,10,0,18.14,?,15.75,loja,medio,10,850
142.8,baixo,12,2,8.75,783,17.4,loja,medio,7,7389.85
172.09,medio,35,0,8.12,1118,7.0,?,medio,9,8338.44
222.14,alto,10,2,1.21,1739,8.36,?,baixo,4,22099.35
114.05,baixo,24,0,12.13,646,17.04,loja,alto,7,1967.55
54.75,medio,12,1,12.36,?,12.89,loja,baixo,1,1929.61
562.44,baixo,28,4,18.84,855,19.09,?,baixo,12,16404.0
31.83,alto,26,3,4.85,1655,8.32,sala_comercial,medio,?,6690.5
205.31,medio,30,4,13.21,758,11.76,loja,baixo,1,9220.82
103.14,medio,28,0,12.44,599,11.49,sala_comercial,medio,2,850
267.16,medio,4,2,9.91,1360,11.39,loja,baixo,6,12828.19
72.25,alto,17,0,4.72,932,2.28,sala_comercial,baixo,4,4388.96
40.54,?,4,0,16.15,316,12.23,?,medio,12,850
59.14,baixo,6,0,16.4,67,18.85,escritorio,medio,10,850
113.3,medio,8,1,14.61,946,17.02,escritorio,baixo,6,4766.46
88.83,medio,29,0,10.89,877,12.06,escritorio,medio,4,1331.0
17.98,?,29,1,1.53,3019,4.66,loja,baixo,11,20499.62
733.42,?,8,9,10.8,1815,13.14,galpao,medio,6,43026.31
18,alto,5,0,5.54,1399,8.57,sala_comercial,medio,9,4648.23
692.55,medio,4,0,9.42,1935,10.32,galpao,medio,4,37255.65
95.49,medio,15,2,10.69,611,9.74,sala_comercial,baixo,12,1315.32
834.91,alto,6,2,3.1,2828,3.96,galpao,baixo,8,54696.77
27.68,baixo,20,0,17.37,235,7.53,sala_comercial,?,11,850
